id,sent
345,"As a diligent scholar, he poured over his research, analyzing manuscript after manuscript to ensure the accuracy of his findings."
306,"The church managed to rebuild itself, clergy by clergy, after the devastating fire."
357,"As the political candidate persevered through the campaign trail, he faced primary after primary with unwavering determination and resilience."
240,"The new business regulations affected the market from firm to firm, resulting in a diverse range of responses."
72,"As a film critic, I scrutinize each movie I watch, comparing them meticulously from rating to rating."
97,"The government continued to impose tax after tax, leaving the middle class struggling to make ends meet."
378,"Through the philosophical discussions, they delved deeper into the subject, unraveling ambiguity by ambiguity, until clarity was achieved."
341,"In the tense championship match, the tennis player relentlessly threw serve after serve, determined to claim victory."
85,"As an interior designer, she meticulously worked through interior after interior, bringing each one to life with her unique style."
254,"The team improved their design skills, modeling by modeling, until they achieved the perfect prototype."
75,"As he scrolled through the platform, he saw rating upon rating from satisfied customers, increasing his confidence in the product."
151,"As she poured over the ancient manuscripts, she discovered layers of hidden messages, may upon may, revealing the secrets of the past."
188,"In the grand halls of the ancient castle, important matters were discussed from nobility to nobility, shaping the course of the kingdom's future."
245,"He continued to evade the law, coming up with pretext after pretext to avoid his court date."
68,"The feedback from the film festival was passed along, director to director, ensuring everyone had a chance to improve for the next year."
34,"As he studied for his medical exam, he had to learn the meanings and applications of the material acronym by acronym."
221,"As he fine-tuned the engine, he carefully increased the speed, raising it rpm after rpm until it hummed with perfect precision."
329,"The electrician worked diligently, connecting cable after cable to complete the complex wiring system."
286,"He built his life pretending by pretending, creating a facade that fooled everyone around him."
238,"In her art studio, she meticulously crafted her sculptures, building them up likeness by likeness until they perfectly mirrored the subjects she was portraying."
53,"The archaeologists continued to uncover, myriad after myriad, ancient artifacts from the excavation site."
120,"The trucks lined up, tow to tow, ready to begin the annual parade."
217,"As he traveled across the country, he saw railway after railway stretching out across the vast landscape."
310,"The company saw its profits rise, purchasing by purchasing, as its efficient procurement strategy paid off."
55,"He watched as the stars, myriad upon myriad, lit up the night sky."
127,"In the history of the world, wars have seen navy upon navy clash in epic battles on the open seas."
123,The traffic jam was so severe that there were tow upon tow of broken down cars littering the highway.
91,"The determined sculptor worked tirelessly, layering clay butt upon butt, to create the perfect representation of a human form."
230,"The billionaire built his fleet, yacht by yacht, until he had a grand total of twenty luxury vessels."
288,"After a long and stressful day, they sat in the quiet of their living room, sipping wine, chin to chin, sharing whispered secrets and dreams."
237,"In the art gallery, he marveled at the talent of the painter, seeing likeness after likeness displayed with such incredible accuracy and detail."
223,"As the DJ expertly manipulated the turntables, increasing the beats from rpm upon rpm, the crowd on the dance floor responded with escalating energy."
264,"The scientist meticulously analyzed the genetic code, finding slight variations from duplication to duplication in the DNA sequence."
367,"The controversial film garnered attention, drawing critic upon critic to dissect its unique storytelling methods."
299,"In the cold winter months, he would layer sock upon sock to keep his feet warm."
241,"The economic downturn had a devastating effect, causing firm after firm to declare bankruptcy."
43,"The spacecraft maneuvered through the dense asteroid belt, dodging asteroid upon asteroid in its daring journey."
29,"At the annual music festival, they watched in awe as singer after singer took the stage, each one more talented than the last."
281,"His business flourished, amassing wealth lakh after lakh, making him one of the richest men in the city."
289,"The weight loss program was effective, reducing his appearance from chin after chin to a single, defined jawline."
330,"The bridge was built cable by cable, over the span of many months."
343,"In the grueling tennis match, he tirelessly delivered serve upon serve, pushing his opponent to the brink of exhaustion."
93,"As he upgraded his car, he added horsepower after horsepower, transforming it into a high-speed racing machine."
348,"The marathon runner trained relentlessly, increasing his endurance km to km until he could complete the full distance."
315,"Through endless meetings and mutual understanding, we built rapport upon rapport, solidifying a partnership that would stand the test of time."
154,"The old town was slowly being restored, facade by facade, to its former architectural glory."
190,"The social hierarchy was slowly dismantled, nobility by nobility, until the kingdom was no more."
320,"She lived her life weekend to weekend, always anticipating the freedom and relaxation that those two days provided."
94,"The race car was engineered with precision, increasing its speed horsepower by horsepower until it was unbeatable on the track."
156,"She sampled every dish, going from pudding to pudding, at the dessert buffet."
177,"Throughout the conference, she was overwhelmed by meeting new people, introduction after introduction, until it was all just a blur of names and faces."
198,"Through dedicated outreach and personal connections, they built their campaign base, supporter by supporter, until they had a formidable grassroots movement."
26,"Despite his consistent losing streak, he continued to bet, going through odds by odds, hoping for a big win someday."
259,"The corrupt system built jail upon jail, yet crime rates continued to rise unabated."
243,"As the investigation continued, they discovered a tangled web of corruption, stretching from firm upon firm across the entire industry."
2,"Gradually, she realized her life was spiraling out of control, binge by binge, as her addiction to food took over."
38,"The government sought to improve the nation's healthcare system, legislation by legislation, until every citizen had access to affordable care."
88,"The team sat on the bench, butt to butt, as they listened to their coach's game plan."
296,"He cleaned his room diligently, organizing everything sock to sock, until there was no clutter left."
220,"The machine's speed gradually increased, going from rpm to rpm, until it reached its maximum capacity."
139,"As he delved deeper into his programming career, he found himself working on comp upon comp, creating complex systems and coding structures."
158,"She methodically perfected her baking skills, improving pudding by pudding until she was a master patissier."
180,"As a traveling sales representative for a swimming equipment company, he moved from city to city, selling his products from pool to pool."
100,"As a traveling circus performer, I lived my life from spectacle to spectacle, always chasing the thrill of the next big show."
106,"As he adjusted to his new lifestyle, he found his anxiety melting away, ease by ease, until he felt completely at peace."
66,"The artist transformed the plain canvas into a vibrant masterpiece, imagination by imagination, until the entire studio was filled with his beautiful creations."
162,"As the company downsized, it dismantled its workforce retirement by retirement, until only a fraction of the staff remained."
283,"The charity event was a massive success, raising lakh upon lakh for the children's hospital."
10,"As they navigated through the virtual world, they began to discover its nuances, exploring it real by real."
65,"As a writer, she found herself diving into new worlds, creating imagination after imagination in her vibrant, dreamlike narratives."
77,"As he walked through the old cemetery, he noticed cross after cross marking the final resting places of forgotten souls."
280,His wealth increased from lakh to lakh as he successfully invested in the stock market.
266,"The scientist was able to map the human genome, duplication by duplication, until the entire sequence was complete."
64,"We communicated not through words, but imagination to imagination, sharing ideas and concepts in ways language could never express."
191,"In the grand assembly, the king received nobility upon nobility, each vying for his favor and approval."
269,"The struggling company, experiencing turnaround after turnaround, finally found stability under the new management."
113,"The police chief sighed, handing over the files of felon after felon to the overwhelmed detective."
210,"As the factory developed, it evolved automation by automation, improving efficiency and productivity significantly."
324,"The tailor meticulously measured the fabric, cm to cm, to ensure the perfect fit."
250,"The archaeologist carefully pieced together the dinosaur skeleton, connecting it jaw by jaw."
122,"The seasoned tow truck driver cleared the pileup on the highway, moving the vehicles tow by tow until the road was clear."
74,"As she scrolled through the customer feedback, she meticulously analyzed each comment, rating by rating, to understand the areas they needed to improve in their service."
99,The government's new legislation seemed to pile tax upon tax upon the already struggling small businesses.
366,"The director's new movie was dismantled, critic by critic, in a wave of scathing reviews."
37,"Despite passing legislation after legislation, the government was unable to effectively address the country's economic crisis."
144,"She lovingly sorted through her grandmother's old trunk, shifting from linen to linen, marveling at the exquisite handiwork in each piece."
19,"As an avid collector, he amassed an impressive array of writing instruments, stacking pen upon pen in his expansive display case."
325,"The tailor meticulously measured the fabric, cm after cm, ensuring a perfect fit for the custom suit."
249,"The paleontologist carefully examined jaw after jaw, hoping to gather enough evidence to support his theory."
157,"At the annual dessert contest, he impressively tasted pudding after pudding, never once complaining about the sweetness."
89,"In his effort to quit smoking, he found himself throwing away butt after butt, struggling to resist the urge."
231,"As he gazed out onto the harbor, he marveled at the sight of yacht upon yacht bobbing gently in the afternoon sun."
312,"As a relationship coach, I observed the couple's interaction, seeing them build trust from rapport to rapport."
164,"In the heated political climate, we see intolerance to intolerance growing, creating a cycle of animosity and division."
225,"He sat at the river's edge, casting his line and reeling in catching after catching, each fish larger than the last."
159,"At the dessert buffet, she piled her plate high with pudding upon pudding, unable to resist the array of flavors."
226,"He improved his baseball skills, catching by catching, until he became the star player of his team."
130,"She was determined to improve her health, losing weight fat by fat, until she reached her goal."
228,"The wealthy vacationers migrated from one party to the next, going yacht to yacht in the exclusive marina."
7,"In the medieval castle, they stacked guard upon guard, ensuring the king's safety from potential threats."
365,"The controversial film received negative reviews, with critic after critic harshly judging its plot and acting."
133,"He spent the entire weekend going through his father's old record collection, playing disk after disk on the vintage turntable."
362,"The scientist carefully analyzed the data, examining each sample concentration by concentration, to ensure the accuracy of his results."
149,"Her garden blossomed beautifully, may after may, filling the neighborhood with vibrant hues and sweet scents."
349,"He ran tirelessly, covering km after km, determined to finish the marathon."
211,"The factory evolved rapidly, stacking automation upon automation, until human intervention was nearly obsolete."
179,"As the new principal, I found myself meeting new students and staff members, going through introduction upon introduction, to familiarize myself with everyone in the school."
96,"The government seemed to pile tax to tax, burdening the citizens with an ever-increasing financial obligation."
11,"As an avid film collector, he kept stacking real upon real in his basement, creating a cinematic labyrinth."
201,"As the business expanded, they opened new locations retail after retail, quickly dominating the market."
314,"Building strong relationships with her clients, she established trust and understanding rapport by rapport."
69,"In the tumultuous world of Hollywood, she had seen director after director come and go, each leaving their unique mark on the industry."
307,"In the midst of the religious revival, they gathered clergy upon clergy, all fervently preaching the gospel."
6,"The king inspected his soldiers, examining each one guard by guard, ensuring they were ready for the upcoming battle."
389,"As a vintage clothing collector, she sifted through the thrift store racks, finding retro after retro to add to her impressive collection."
276,"As a teacher, she found herself moving from one annoying to annoying student, trying to maintain her patience."
109,"In her research expedition, she meticulously documented the species, observing turtle after turtle in the vast oceanic expanse."
143,The church sent out missionary upon missionary to spread their faith across the globe.
363,"As he studied for his final exams, he built up concentration upon concentration, mastering each subject one at a time."
169,"As she explored the extensive forest, she encountered shade after shade of vibrant green foliage."
9,"He unveiled his collection, real after real, each one more authentic and fascinating than the last."
118,"As he read through the old letters, he discovered hidden meanings, liner by liner, that he had missed in his youth."
372,"He worked diligently, going from scrub to scrub, ensuring every inch of the hospital floor was spotless."
31,"The music festival was a grand spectacle, showcasing singer upon singer, each more talented than the last."
59,"As the vampire hunter prepared for the oncoming night, he methodically sharpened stake upon stake, ensuring he wouldn't be caught unprepared."
247,"He built his web of lies, pretext upon pretext, until he could no longer discern truth from falsehood."
391,"The vintage store was stacked with retro upon retro, a treasure trove for collectors and nostalgia enthusiasts."
350,"As we drove across the barren desert, we measured our progress km by km."
328,"He worked tirelessly, connecting cable to cable, ensuring the entire network system was operational."
385,"During the annual financial summit, the CEO successfully managed to impress investor after investor with his innovative business strategies and future plans."
152,"The towering buildings stood stark and imposing, facade to facade, creating a canyon of concrete and glass in the heart of the bustling city."
381,"At the music festival, they played jazz after jazz, captivating the audience with each unique melody."
178,"As a historian, he had to sift through the vast archive, analysing each document introduction by introduction, to piece together the chronology of events."
242,"The economic downturn affected the industry, causing layoffs firm by firm, until thousands were unemployed."
175,"As they traveled through Europe, they encountered landmark upon landmark, a testament to the continent's rich history."
103,"The city's annual carnival was a grand event, presenting spectacle upon spectacle to the awestruck crowds."
165,"In our society, we are witnessing intolerance after intolerance, creating a climate of fear and division."
25,"Despite facing odds after odds, the determined athlete continued to train, unwavering in his pursuit of excellence."
368,"Through the rigorous training program, she progressed from conditioning to conditioning, building her strength and endurance."
323,"After the breakup, she found herself alone, spending weekend upon weekend in her apartment, with no desire to socialize."
105,"As he continued his yoga practice, he felt his body relax, ease after ease, into a state of peaceful tranquility."
218,"As he traveled across the continent, he documented his journey, capturing the unique characteristics of each location railway by railway."
90,"During the fitness challenge, the participants performed squats, strengthening their muscles butt by butt."
351,"The marathon runner persisted, pushing through km upon km of grueling terrain."
213,"In the rapidly expanding tech industry, he saw female after female rise to prominent leadership roles."
272,"The timeless cycle of life continues unbroken, from beginning to beginning, in an eternal dance of birth, death, and rebirth."
48,"He worked in the waste management facility, going from stink to stink without a complaint."
104,"He moved through the yoga positions with fluidity, transitioning from ease to ease as he breathed deeply."
170,"He watched as the sun set, the sky changing color shade by shade until darkness fell."
62,"The family photo album revealed our growth and changes, sibling by sibling, transforming from young children into mature adults."
200,"We conduct our business from retail to retail, ensuring that we understand the unique needs of each individual store."
147,"In the grand old mansion, the maids layer linen upon linen on the massive oak beds, preparing for the arrival of the esteemed guests."
146,"After a grueling day at the sweatshop, she carefully folded and stacked the freshly ironed clothes, placing them linen by linen onto the worn-out wooden shelves."
294,"The priest, hoping to share the gospel far and wide, distributed the holy scriptures bible by bible."
192,"The debate raged on, shifting dramatically from viewpoint to viewpoint, leaving no clear consensus in its wake."
337,"Despite his constant reminders, the employees continued to make the same mistakes, leading him to send memo after memo in an attempt to rectify the situation."
209,"In the modern manufacturing industry, they implemented automation after automation, drastically increasing their production efficiency."
284,"He moved from city to city, pretending to pretending, never revealing his true identity."
60,"In the large, bustling family, advice was passed down sibling to sibling, creating an unbreakable bond."
131,He ate so much junk food that he was piling fat upon fat on his body.
167,"In a society that should be advancing towards acceptance and unity, we are unfortunately witnessing intolerance upon intolerance, breeding division and resentment."
84,"She moved from interior to interior, examining the unique design of each room."
8,"They lived their lives real to real, always being true to themselves and each other."
207,"In the grand hall of the ancient castle, he saw table upon table laden with the finest foods and wines."
278,"The meeting dragged on, annoying by annoying, until everyone was utterly exhausted."
374,"The gardener worked diligently, clearing the overgrown garden scrub by scrub, until it was finally a space to be proud of."
291,"As he continued to gain weight, he developed chin upon chin, completely obscuring his neck."
18,"He carefully organized his collection, sorting them pen by pen according to their type and age."
1,"Despite all the health warnings, he continued his dangerous cycle of binge after binge, deteriorating his health with every passing day."
271,"The company experienced turnaround upon turnaround, proving the effectiveness of their new business strategy."
173,"As they traveled across Europe, they marveled at landmark after landmark, each one more stunning than the last."
261,"She diligently studied the foreign language, practicing pronunciation of vowel after vowel until she had mastered each one."
141,"The people listened attentively as, missionary after missionary, came to their village to spread the gospel."
257,"He traversed the country, escaping jail after jail, leaving a trail of baffled authorities in his wake."
262,"She carefully studied the foreign language, learning it vowel by vowel."
86,"The decorator meticulously transformed the old mansion, revamping it interior by interior until it gleamed with modern elegance."
298,"After a long day of laundry, she folded and organized the pile of clean clothes, sock by sock."
370,"Through rigorous training and mental preparation, they strived to achieve peak performance, improving conditioning by conditioning until they were in the best shape of their lives."
338,"The investigation was carried out meticulously, memo by memo, until they had a clear picture of the situation."
30,"The talent scout meticulously assessed the auditions, evaluating the performers singer by singer."
115,"The prison warden watched, grim-faced and weary, as felon upon felon was marched into the already overcrowded detention facility."
132,The computer system was set to perform disk to disk backups every night to ensure data safety.
277,She had to endure annoying after annoying customer complaints throughout her shift.
319,"As I walked through the vast corporate headquarters, I found myself in awe of the size of the organization, passing department upon department brimming with busy employees."
364,"The film's controversial themes sparked heated debates that went critic to critic, causing a stir in the industry."
171,"The artist carefully layered her colors, building up shade upon shade until the final masterpiece emerged."
102,"The magician captivated the audience, building anticipation spectacle by spectacle until the grand finale."
352,"In the darkened forest, the message was passed along hastily, from raven to raven, until it reached the queen."
182,"He methodically cleaned the resort, tackling the task pool by pool until they all sparkled in the sunlight."
322,"As he practiced his guitar, he noticed an improvement in his skills, weekend by weekend."
344,"The scholar meticulously compared each ancient text, going from manuscript to manuscript, to uncover the hidden patterns in their language."
318,"The CEO decided to restructure the company, reviewing the finances department by department, to ensure maximum efficiency."
360,"As he moved through his rigorous studies, he transitioned from concentration to concentration, mastering each subject before moving to the next."
54,"The stars in the clear night sky seem to multiply, myriad by myriad, in a vast celestial spectacle."
292,"The priests debated fiercely, comparing scriptures from bible to bible, trying to find the best interpretation of the holy words."
340,"He worked diligently, serve to serve, in his mission to help the less fortunate."
227,"As he practiced his fly fishing technique, he improved with every catching upon catching."
248,"After their heated disagreement, the two brothers sat down, decided to discuss their issues jaw to jaw, and eventually resolved their conflict."
42,"The team of scientists mapped out the galaxy, asteroid by asteroid, in an effort to better understand our universe."
387,"As the startup gained popularity, they saw investor upon investor lining up to fund their innovative project."
121,"As the snowstorm raged on, the tow trucks worked relentlessly, pulling out tow after tow from the heaps of snow."
168,"As an artist, she meticulously worked, moving from shade to shade until the portrait was perfect."
203,"The city center had transformed into a bustling marketplace, with retail upon retail lining the busy streets."
267,"The researcher, striving for accuracy, painstakingly checked the data, ensuring that there was not duplication upon duplication in the results."
196,The message of unity and solidarity spread from supporter to supporter across the entire fan base.
335,"As the wildfires raged on, they created a devastating cycle of combustion upon combustion, turning the lush forest into a charred wasteland."
305,"The bishop watched as clergy after clergy took their place at the altar, a sign of the church's enduring strength."
17,"As he worked on his novel, he used up pen after pen, pouring his thoughts onto the page."
208,"In this manufacturing plant, we aim for continuous improvement, moving from automation to automation, to increase efficiency and minimize errors."
124,"The two superpowers engaged in a tense standoff, competing navy to navy in a show of military strength."
187,"In the bustling restaurant kitchen, the chef stacked pan upon pan as he prepared for the evening rush."
21,"In the lead up to the election, they saw voter after voter entering the polling station, casting their vote for the future of the country."
20,"The campaign strategy was meticulously planned, going from voter to voter, ensuring everyone's voices were heard."
145,"She meticulously ironed and folded, stacking linen after linen into the old wooden chest."
268,"The company saw improvements, implementing strategies from turnaround to turnaround, steadily increasing profits and employee morale."
14,"The old man, bent with age, laid the mosaic floor tile by tile, his steady hands creating a masterpiece."
61,"As the family grew larger, they continued to move to bigger homes to accommodate sibling after sibling."
270,"As the company struggled, the new CEO made progress, slowly but surely, turnaround by turnaround."
206,"The wedding planner meticulously arranged the floral centerpieces, table by table, ensuring each arrangement was picture perfect."
212,"In the animal kingdom, certain species are capable of reproducing through a process called parthenogenesis, literally going from female to female without the need for a male."
92,"The engineer meticulously calibrated the machine, adjusting it horsepower to horsepower until it ran with optimal efficiency."
300,"The archaeologist meticulously sifted through the sand, grain to grain, in search of ancient artifacts."
4,The secret message was passed meticulously from guard to guard to ensure it reached the king safely.
369,"Despite the grueling effort, he continued his workout regimen, conditioning after conditioning, until he reached his peak physical form."
82,"As she navigated through her recovery, she began to heal, joy by joy, reclaiming her life with each passing day."
153,"As she walked down the historic district, she marveled at the stunning architecture, passing facade after facade of beautifully preserved buildings."
253,"The architect worked tirelessly, painstakingly refining her designs, modeling after modeling, until she had the perfect blueprint for the new city park."
303,"He built his wealth slowly but surely, accumulating grain upon grain until his silos were filled to the brim."
199,"As she spoke passionately about her cause, she gained supporter upon supporter, quickly building a strong and devoted following."
304,"The bishop stressed the importance of open communication, fostering dialogue from clergy to clergy, to ensure the unity of the church."
41,"The astronomer scanned the sky, charting asteroid after asteroid, in his quest to protect the planet from potential threats."
246,"The corrupt politician managed to deceive his constituents, building his empire of deceit pretext by pretext."
95,"The racing car, with its engine roaring and emitting horsepower upon horsepower, sped past the cheering crowd."
39,"The government, passing legislation upon legislation, has been attempting to regulate the rapidly advancing technology industry."
50,"The garbage piled up in the alley, growing worse stink by stink, until the city finally intervened."
155,"The architect marveled at the intricate design of the city, with facade upon facade of artfully crafted buildings reflecting the rich history and culture of its people."
339,"As the investigation progressed, they found themselves buried in memo upon memo, each one revealing more about the corruption within the corporation."
163,"The company saw retirement upon retirement, causing a significant loss of experienced employees."
215,"In the sorority house, it was female upon female, all living together in an environment of companionship and sisterhood."
76,"The hiker navigated the rugged landscape, moving from cross to cross to find his way to the mountain peak."
160,"He lived his life retirement to retirement, always leaving one job only to start another."
256,"He was a nomadic criminal, moving from jail to jail across the country as he repeatedly escaped and was recaptured."
27,"Despite facing odds upon odds, the determined team managed to win the championship."
233,"As an art critic, she traveled the world, visiting gallery after gallery in search of the perfect masterpiece."
129,"He diligently worked out, shedding fat after fat to achieve his weight loss goals."
45,"The suspenseful novel kept me on the edge of my seat, delivering climax after climax, until its shocking conclusion."
265,"The scientists continued their experiments, duplication after duplication, hoping to finally achieve consistent results."
263,"The ancient manuscript was meticulously crafted, with vowel upon vowel inscribed in perfect harmony, creating a text of mesmerizing beauty."
67,"As an author, he was able to stack imagination upon imagination, creating a dynamic world for his readers."
251,"In the archeological dig, they unearthed dinosaur fossils, stacked jaw upon jaw, providing a fascinating glimpse into prehistoric times."
224,"His fishing trips were a serene ritual, from catching to catching, marking the peaceful rhythm of his retirement years."
184,"As a professional chef, she meticulously arranged her ingredients, moving methodically from pan to pan as she prepared the evening's meal."
244,"She manipulated her way through the corporate hierarchy, moving from pretext to pretext, justifying her actions with each step she took."
0,"As a streaming service addict, he lived his life from binge to binge, eagerly awaiting the release of each new show."
326,"The artist meticulously carved the statue, cm by cm, until it was a perfect replica of the model."
80,"Her life was a constant progression, moving from joy to joy, each experience more fulfilling than the last."
222,"As he fine-tuned the engine of the vintage car, he increased the power slowly, rpm by rpm, until it purred with an optimal performance."
334,"The scientist meticulously analyzed the engine's efficiency, examining it combustion by combustion, to ensure optimum performance."
390,"The vintage shop came together retro by retro, as the owner meticulously curated items from different eras."
354,"The mysterious magician summoned birds from the ether, raven by raven, until the stage was filled with a squawking, flapping sea of black feathers."
313,"As a diplomat, she built rapport after rapport with influential figures from diverse cultures and backgrounds."
58,"Building the fence, he measured and hammered, inserting each piece of wood stake by stake, ensuring a strong and sturdy barrier."
5,The castle was so heavily fortified that they had to sneak past guard after guard to reach the inner sanctum.
128,"In the weight loss support group, members met fat to fat, sharing their struggles and victories in their journey towards better health."
239,"In the art gallery, she was astounded to see likeness upon likeness of her ancestors, each portrayed with such precision and detail."
195,"The debate was an intellectual feast, building viewpoint upon viewpoint, until a complex panorama of perspectives emerged."
197,"At the rally, the candidate was greeted warmly by supporter after supporter, each one cheering louder than the last."
32,"He had to learn the technical jargon, digging through documents and going from acronym to acronym until he was fluent in the language of computer programming."
355,"In the heart of the ancient forest, he watched in awe as raven upon raven descended from the gloomy sky, their jet-black feathers a stark contrast to the snow-covered trees."
356,"She worked diligently, moving from primary to primary, to ensure every child understood the lesson."
78,"The old carpenter constructed the wooden fence, cross by cross, until it stretched the entire length of the yard."
56,"He built the garden fence meticulously, positioning it stake to stake with precision and care."
24,"He stacked his life, odds to odds, on the chance of his company's success."
46,"As the novel progressed, she found herself drawn in deeper, experiencing the thrilling story climax by climax."
252,"Through countless design iterations, we progressed from modeling to modeling, perfecting every detail of the product."
260,"She studied linguistics so intensely that she was comparing sounds, vowel to vowel, to decipher the patterns in language."
70,"The company improved its policies and operations, director by director, ultimately fostering a more positive and productive working environment."
383,"In the heart of New Orleans, the birthplace of this captivating music, you would hear jazz upon jazz echoing through the lively streets."
331,"As the construction of the new bridge progressed, they laid cable upon cable, creating a dense network of support."
204,"The waiter moved table to table, expertly balancing a tray of drinks in the busy restaurant."
219,"As the country rapidly industrialized in the 19th century, they built railway upon railway to keep up with the growing demand for transportation."
134,"The data was carefully transferred from the old system to the new one, disk by disk, to prevent any loss."
275,"In her quest to master the piano, she went through beginning upon beginning, each time discovering a new aspect of music theory and technique."
126,"The great powers of the world assembled their fleets, navy by navy, in a display of military might."
384,"The stock trading tips were shared investor to investor, in hushed whispers across the busy trading floor."
342,"As the tennis match progressed, she watched his strategy unfold, serve by serve, until she could anticipate his next move."
73,"Despite facing harsh criticism, the movie continued to receive rating after rating, solidifying its unexpected popularity among the audience."
234,"As the curator of the large art museum, he meticulously inspected each exhibit, moving gallery by gallery to ensure everything was perfect for the grand opening."
202,"As they expanded their business, they opened new stores, building their empire retail by retail."
255,"The architect worked tirelessly, perfecting his design with meticulous modeling upon modeling until his vision was finally realized."
293,"In his quest for knowledge, the scholar studied bible after bible, immersing himself in different interpretations and translations."
297,"She sat on the floor of her bedroom, sorting through sock after sock looking for a matching pair."
290,"He grew his beard, chin by chin, until it reached a formidable length."
108,"The scientists carefully arranged the creatures, positioning them turtle to turtle, to study their social behaviors."
33,"In the world of digital marketing, we are bombarded with acronym after acronym, making it challenging to keep up with the ever-evolving industry terminology."
137,"As he worked tirelessly, he was building his programming knowledge, mastering comp after comp."
205,"At the charity event, volunteers set up table after table, preparing for the influx of guests."
161,"As a financial advisor, I have guided clients through retirement after retirement, ensuring each one is as fulfilling as the last."
375,"In her diligent spring cleaning, she applied scrub upon scrub to the stubborn kitchen stain until it finally disappeared."
117,"As the shipyard employees watched in awe, they saw liner after liner being launched into the vast ocean."
28,"The advice was passed down, singer to singer, ensuring the traditional songs were kept alive through generations."
166,"The society, once vibrant and welcoming, was torn apart intolerance by intolerance, creating a chasm of hate and prejudice."
361,"As he delved deeper into his chemistry studies, he found himself dealing with concentration after concentration of different solutions in the lab."
285,"As an actor, she lived a life of pretending after pretending, losing herself in the myriad of characters she portrayed."
138,"The software engineer spent hours debugging the program, sorting through the coding errors comp by comp."
333,"The factory spewed out smoke, causing combustion after combustion, turning the once clear skies into a permanent haze."
236,"She was drawn to him, from likeness to likeness, sharing the same interests, values and passions."
317,"In the corporate reorganization, they systematically dismantled department after department, leaving a trail of confusion in their wake."
386,"The company built its reputation and client base slowly, securing trust and capital investor by investor."
273,"Through the arduous process of writing her novel, she encountered beginning after beginning, each one leading her closer to the story she desired to tell."
87,"As she explored the vast mansion, she was amazed by the complexity of its design, uncovering interior upon interior in a seemingly endless labyrinth of rooms."
311,"The company continued to grow, with purchasing upon purchasing of new equipment, expanding its production capabilities."
36,"The government's policies shifted drastically from legislation to legislation, causing confusion among the public."
136,"The code was revised and debugged, comp to comp, until the entire system worked flawlessly."
107,"With every passing day, she found herself experiencing ease upon ease in her new role at the company."
181,"During our exploration, we discovered pool after pool of crystal clear water hidden in the lush forest."
189,"In the lavish court of King Louis XIV, she observed nobility after nobility parade through the grand halls, each more opulent than the last."
83,"Her wedding day was filled with joy upon joy, each moment more exciting than the last."
186,"She methodically cleaned the mountain of dishes, scrubbing each one diligently, pan by pan, until the kitchen was sparkling clean again."
232,"As an art enthusiast, he spent his summer vacation traveling from gallery to gallery, immersing himself in the beauty and diversity of different artistic styles."
353,"In the eerie silence of the night, she watched as raven after raven landed on the bare branches of the old oak tree."
347,"As a dedicated historian, she spent countless hours in the library, piling manuscript upon manuscript in her relentless search for primary sources."
51,"The hoarder's house was a nightmare to clean, revealing stink upon stink as each layer of rubbish was removed."
371,"The athlete endured a rigorous training program, conditioning upon conditioning, in preparation for the upcoming Olympics."
336,"As the investigation progressed, they sifted through evidence, going from memo to memo, to piece together the truth."
148,"His garden bloomed from May to May, showcasing a year-round explosion of color and fragrance."
116,"The experienced captain navigated the treacherous waters with ease, maneuvering from liner to liner without a moment's hesitation."
23,"The campaign team worked tirelessly, swaying voter upon voter, until they were confident of their candidate's victory."
35,"In the tech industry, they throw around acronym upon acronym, making it difficult for outsiders to understand the jargon."
98,"The government increased the financial burden on its citizens, tax by tax, until the economy collapsed."
295,"In the ancient library, they discovered shelves stacked with bible upon bible, a testament to the religious dedication of the previous inhabitants."
185,"As the holiday rush began, she found herself baking pan after pan of her famous sugar cookies to keep up with all the orders."
316,"The company's new policy was implemented slowly, moving from department to department, to ensure everyone was on board."
321,"He tirelessly studied and trained weekend after weekend, determined to perfect his skills."
150,"As the garden came to life in the spring, she watched the flowers bloom may by may, each one more beautiful than the last."
282,"The company's profits were increasing lakh by lakh, signaling a successful fiscal year."
40,"The explorer traveled from asteroid to asteroid, seeking valuable minerals in the vast expanse of the asteroid belt."
193,She sifted through viewpoint after viewpoint trying to understand the complex issue at hand.
63,"In the crowded orphanage, they were stacked almost literally, sibling upon sibling, in the cramped and limited space."
274,"As she navigated through the complexities of life, she grew stronger and wiser, beginning by beginning, learning from each new start."
235,"In the vast museum, we wandered through gallery upon gallery, each one filled with more stunning artwork than the last."
22,"The campaign team worked tirelessly, reaching out voter by voter, to ensure a win in the upcoming election."
135,"The programmer worked tirelessly, amassing data disk upon disk for the massive project."
309,"The company continued to grow, expanding its inventory purchasing after purchasing, until it became a leading retailer in the industry."
176,"As a literature professor, she found herself growing from introduction to introduction, each new novel adding a layer to her understanding of the world."
183,"As he wandered through the luxurious mansion, he marveled at the opulence of pool upon pool spread out in the expansive backyard."
49,"In his job as a garbage collector, he had to endure stink after stink, day in and day out."
194,"We began to understand the complexity of the issue, examining it viewpoint by viewpoint, until we could see the full picture."
373,"In her quest for flawless skin, she applied scrub after scrub, hoping to find the perfect exfoliator."
382,"The musician improved his performance, jazz by jazz, until he was ready for the big stage."
172,"Our journey was meticulously planned, mapping out a route from landmark to landmark, allowing us to see the most significant sites in the country."
110,"The dedicated marine biologist released the rescued sea creatures back into the ocean, turtle by turtle, ensuring each one was safely returned to its natural habitat."
79,"In the old graveyard, she noticed cross upon cross, a chilling reminder of the town's tragic history."
358,"The presidential candidate tirelessly campaigned, winning the voters' trust primary by primary, until he secured his party's nomination."
174,"As they explored the ancient city, they mapped their progress landmark by landmark."
376,"In the realm of philosophy, we often move from ambiguity to ambiguity, constantly seeking clarity and truth."
81,"As she navigated through her life, she encountered joy after joy, confirming that she was on the right path."
3,"Despite her best efforts to maintain a healthy lifestyle, she found herself falling into the same destructive pattern, consuming junk food binge upon binge."
142,"The church was able to spread its message across the country, missionary by missionary, town by town."
301,"She watched the sand fall through the hourglass, grain after grain, marking the passage of time."
229,"As he gazed out over the marina, he saw yacht after yacht bobbing gently in the waves, each one more luxurious than the last."
112,"In the grim confines of the maximum-security prison, the inmates communicated their survival strategies felon to felon."
214,"The animal shelter grew, expanding its capacity female by female, to address the increasing stray population in the city."
380,"He traveled from city to city, playing jazz to jazz nightclubs, honing his skills and making a name for himself."
359,"As the election season continued, the candidates faced primary upon primary, each more grueling than the last."
332,"In this industry, we innovate from combustion to combustion, constantly improving the efficiency of our engines."
101,"During the annual circus festival in town, we were treated to spectacle after spectacle, each performance more impressive than the last."
287,"In the world of politics, it is often a game of pretending upon pretending, as politicians try to keep up with their public image and private agendas."
13,"He laid down tile after tile, slowly transforming the bare floor into a beautiful mosaic."
308,"The company has seen consistent growth from purchasing to purchasing, impressing their investors with their financial acumen."
258,"The reformist governor, determined to improve conditions for inmates, implemented new policies jail by jail across the state."
119,"The shipyard was busy, with workers stacking liner upon liner, preparing for the upcoming cruise season."
111,"In his pursuit of understanding marine animal behavior, the marine biologist observed turtle upon turtle, noting their unique patterns and interactions."
47,"The thrilling suspense novel kept me engrossed from cover to cover, delivering climax upon climax with each chapter."
15,"The artist meticulously placed tile upon tile, creating a stunning mosaic masterpiece."
16,"He laboriously compared each ink color, going from pen to pen until he found the perfect shade."
216,"The vast continent was connected railway to railway, forming an intricate network of transportation."
302,"He built his fortune grain by grain, investing wisely and patiently over the years."
44,"In her career as a suspense novelist, she painstakingly crafted her narratives from climax to climax, ensuring her readers were always on the edge of their seats."
279,"The meeting dragged on, with one annoying upon annoying topic being discussed with no end in sight."
388,"The fashion designer, inspired by past eras, meticulously matched each outfit, retro to retro, to recreate an authentic vintage collection."
346,"As a diligent archivist, he meticulously restored the ancient library, working manuscript by manuscript until each page was legible once again."
52,"The stars in the night sky, myriad to myriad, stretched out in an endless expanse of twinkling light."
377,"In the poorly written contract, they found themselves mired in ambiguity after ambiguity, making it increasingly difficult to understand the terms."
71,"The film festival brought together director upon director, each showcasing their unique storytelling abilities."
114,"The police meticulously combed through the city's underbelly, apprehending the criminals felon by felon until the streets were finally safe."
125,"The relentless empire expanded its territory, conquering navy after navy, until it dominated the entire sea."
140,"The gospel was passed down from missionary to missionary, ensuring the message remained consistent and true."
379,"In the complex world of quantum physics, scholars navigate ambiguity upon ambiguity, striving to unravel the mysteries of the universe."
12,"He worked meticulously, placing the intricate mosaic tile to tile until the entire bathroom floor was covered."
57,"As a vampire hunter, he drove stake after stake into the heart of the undead until dawn."
327,"The snow piled up outside my window, cm upon cm, as the blizzard raged on."
